"INSTITUTION","COURSETITLE","WORK OR STUDY","STUDY","UNEMPLOYED","WORK AND STUDY","NOT AVAILABLE","WORK"
"Queen's University Belfast","Accounting",87,28,2,15,11,44
"Queen's University Belfast","Accounting with French",88,27,2,15,10,46
"Queen's University Belfast","Accounting with French",95,35,0,15,0,45
"Queen's University Belfast","Accounting with Spanish",90,35,5,15,5,45
"Queen's University Belfast","Accounting with Spanish",88,27,2,15,10,46
"Queen's University Belfast","Actuarial Science and Risk Management",90,5,5,20,5,70
"Queen's University Belfast","Aerospace Engineering (Sandwich)",100,25,0,0,0,75
"Queen's University Belfast","Aerospace Engineering",55,10,35,10,10,35
"Queen's University Belfast","Aerospace Engineering (Undergraduate Masters with Sandwich year)",90,10,0,0,10,80
"Queen's University Belfast","Aerospace Engineering",90,30,15,0,0,55
"Queen's University Belfast","Food Science and Food Security (Undergraduate Masters)",95,15,0,0,5,85
"Queen's University Belfast","Food Science and Food Security with Professional Studies",95,15,0,0,5,85
"Queen's University Belfast","Agricultural Technology",95,0,5,15,0,80
"Queen's University Belfast","Agricultural Technology with Professional Studies (Sandwich)",90,30,5,10,5,50
"Queen's University Belfast","Applied Mathematics and Physics",88,39,9,6,3,42
"Queen's University Belfast","Applied Mathematics and Physics",90,50,5,5,0,35
"Queen's University Belfast","Applied Mathematics and Physics",90,40,10,10,0,40
"Queen's University Belfast","Anthropology",75,10,20,0,5,65
"Queen's University Belfast","Anthropology and English",94,35,3,15,4,44
"Queen's University Belfast","Anthropology and English",75,10,20,0,5,65
"Queen's University Belfast","Anthropology and French",95,35,0,15,0,45
"Queen's University Belfast","Anthropology and French",75,10,20,0,5,65
"Queen's University Belfast","Anthropology and History",75,10,20,0,5,65
"Queen's University Belfast","Anthropology and History",91,26,6,17,4,48
"Queen's University Belfast","Anthropology and Irish",75,10,20,0,5,65
"Queen's University Belfast","Anthropology and Irish",95,20,5,0,0,75
"Queen's University Belfast","Anthropology and Spanish",75,10,20,0,5,65
"Queen's University Belfast","Anthropology and Spanish",90,35,5,15,5,45
"Queen's University Belfast","Architecture",95,5,0,5,5,85
"Queen's University Belfast","Archaeology with French",95,35,0,15,0,45
"Queen's University Belfast","Archaeology with French",95,5,5,5,0,80
"Queen's University Belfast","Archaeology with Portuguese",95,5,5,5,0,80
"Queen's University Belfast","Archaeology with Portuguese",90,35,5,15,5,45
"Queen's University Belfast","Archaeology",95,5,5,5,0,80
"Queen's University Belfast","Archaeology with Spanish",90,35,5,15,5,45
"Queen's University Belfast","Archaeology with Spanish",95,5,5,5,0,80
"Queen's University Belfast","Archaeology and Irish",95,5,5,5,0,80
"Queen's University Belfast","Archaeology and Irish",95,20,5,0,0,75
"Queen's University Belfast","Archaeology and History",95,5,5,5,0,80
"Queen's University Belfast","Archaeology and History",91,26,6,17,4,48
"Queen's University Belfast","Archaeology (Undergraduate Masters)",100,10,0,0,0,90
"Queen's University Belfast","Archaeology & Palaeoecology",95,5,5,5,0,80
"Queen's University Belfast","Archaeology & Palaeoecology",95,35,5,5,0,50
"Queen's University Belfast","Archaeology & Palaeoecology and Geography",94,38,6,6,0,51
"Queen's University Belfast","Archaeology & Palaeoecology and Geography",95,35,5,5,0,50
"Queen's University Belfast","Archaeology & Palaeoecology and Geography",95,5,5,5,0,80
"Queen's University Belfast","Biochemistry with Professional Studies",95,45,5,5,0,45
"Queen's University Belfast","Biochemistry",100,55,0,10,0,35
"Queen's University Belfast","Broadcast Production",90,15,5,5,5,70
"Queen's University Belfast","Business Economics",80,10,5,0,15,65
"Queen's University Belfast","Human Biology",90,40,5,20,5,30
"Queen's University Belfast","Biochemistry (Undergraduate Masters)",95,45,5,5,0,45
"Queen's University Belfast","Biochemistry (Undergraduate Masters with Professional Studies)",95,45,5,5,0,45
"Queen's University Belfast","Business Information Technology",90,0,5,5,5,85
"Queen's University Belfast","Biomedical Science",95,61,2,7,3,28
"Queen's University Belfast","Biological Sciences with Professional Studies",80,25,20,0,0,55
"Queen's University Belfast","Biological Sciences",95,50,0,10,5,40
"Queen's University Belfast","Biological Sciences (Undergraduate Masters with Professional Studies)",91,41,6,6,4,44
"Queen's University Belfast","Biological Sciences (Undergraduate Masters)",91,41,6,6,4,44
"Queen's University Belfast","Business Management with Placement",91,7,1,8,7,76
"Queen's University Belfast","Common & Civil Law with French",95,45,0,20,5,25
"Queen's University Belfast","Common & Civil Law with Hispanic Studies",100,20,0,10,0,70
"Queen's University Belfast","Chemical Engineering (Sandwich)",90,15,5,0,5,75
"Queen's University Belfast","Chemical Engineering",90,15,5,0,5,75
"Queen's University Belfast","Chemical Engineering (Undergraduate Master with Sandwich Year)",95,10,0,0,5,85
"Queen's University Belfast","Chemical Engineering (Undergraduate Masters)",85,25,15,0,0,60
"Queen's University Belfast","Chemistry",75,25,15,15,10,35
"Queen's University Belfast","Chemistry (Undergraduate Masters)",90,65,10,0,0,20
"Queen's University Belfast","Chemistry with Study Abroad",90,45,10,5,0,40
"Queen's University Belfast","Chemistry with a Year in Industry",90,45,10,5,0,40
"Queen's University Belfast","Chemistry with French",95,35,0,15,0,45
"Queen's University Belfast","Chemistry with French",90,45,10,5,0,40
"Queen's University Belfast","Chemistry (Undergraduate Masters Including Professional Studies)",90,45,10,5,0,40
"Queen's University Belfast","Chemistry with Spanish",90,35,5,15,5,45
"Queen's University Belfast","Chemistry with Spanish",90,45,10,5,0,40
"Queen's University Belfast","Chemistry (Sandwich)",90,45,10,5,0,40
"Queen's University Belfast","Civil Engineering (Sandwich)",100,40,0,20,0,40
"Queen's University Belfast","Civil Engineering",95,15,5,5,0,80
"Queen's University Belfast","Civil Engineering (Undergraduate Masters with Sandwich Year)",100,15,0,0,0,85
"Queen's University Belfast","Civil Engineering (Undergraduate Masters)",95,15,5,5,0,80
"Queen's University Belfast","Criminology",90,20,5,10,5,65
"Queen's University Belfast","Criminology and Sociology",85,20,15,5,0,55
"Queen's University Belfast","Criminology and Social Policy",88,19,10,9,3,60
"Queen's University Belfast","Criminology and Social Policy",90,19,8,11,2,60
"Queen's University Belfast","Computer Science with Professional Experience",95,0,5,0,0,95
"Queen's University Belfast","Computing and Information Technology Incl Professional Experience",89,2,5,3,6,84
"Queen's University Belfast","Computer Science (Undergraduate Masters including Professional Experience)",95,5,5,0,0,90
"Queen's University Belfast","Computer Science",89,3,7,2,4,84
"Queen's University Belfast","Dentistry",100,0,0,5,0,95
"Queen's University Belfast","Drama",100,20,0,5,0,75
"Queen's University Belfast","Drama and English",95,45,5,5,0,45
"Queen's University Belfast","Environmental and Civil Engineering (Undergraduate Masters with sandwich year)",100,0,0,10,0,90
"Queen's University Belfast","Environmental and Civil Engineering",95,15,5,5,0,80
"Queen's University Belfast","Chemical Technology (Undergraduate Masters)",90,15,5,0,5,75
"Queen's University Belfast","Chemical Technology (Undergraduate Masters)",90,45,10,5,0,40
"Queen's University Belfast","Chemical Technology (Undergraduate Master with Year in Industry)",90,15,5,0,5,75
"Queen's University Belfast","Chemical Technology (Undergraduate Master with Year in Industry)",90,45,10,5,0,40
"Queen's University Belfast","Chemical Technology (Undergraduate Masters)",90,15,5,0,5,75
"Queen's University Belfast","Chemical Technology (Undergraduate Masters)",90,45,10,5,0,40
"Queen's University Belfast","Chemical Technology (Undergraduate Masters with Year in Industry)",90,45,10,5,0,40
"Queen's University Belfast","Chemical Technology (Undergraduate Masters with Year in Industry)",90,15,5,0,5,75
"Queen's University Belfast","Economics",100,30,0,0,0,70
"Queen's University Belfast","Economics and Accounting",100,10,0,0,0,90
"Queen's University Belfast","Economics with Finance",90,20,5,5,5,65
"Queen's University Belfast","Economics with French",90,20,5,0,5,70
"Queen's University Belfast","Economics with French",95,35,0,15,0,45
"Queen's University Belfast","Economics with Spanish",90,20,5,0,5,70
"Queen's University Belfast","Economics with Spanish",90,35,5,15,5,45
"Queen's University Belfast","Electrical and Electronic Engineering (with sandwich year)",95,0,0,0,5,95
"Queen's University Belfast","Electrical and Electronic Engineering",95,10,0,5,5,85
"Queen's University Belfast","Electrical and Electronic Engineering (Undergraduate Masters with sandwich year)",100,5,0,5,0,85
"Queen's University Belfast","Electrical and Electronic Engineering (Undergraduate Masters)",95,10,0,5,5,85
"Queen's University Belfast","English with Creative Writing",100,50,0,30,0,20
"Queen's University Belfast","English",93,32,2,12,5,49
"Queen's University Belfast","English and Film Studies",94,35,3,15,4,44
"Queen's University Belfast","English and French",94,35,3,15,4,44
"Queen's University Belfast","English and French",95,35,0,15,0,45
"Queen's University Belfast","English and Irish",95,20,5,0,0,75
"Queen's University Belfast","English and Irish",94,35,3,15,4,44
"Queen's University Belfast","English and Linguistics",94,35,3,15,4,44
"Queen's University Belfast","English and Linguistics",93,36,4,13,3,45
"Queen's University Belfast","English and History",100,35,0,20,0,45
"Queen's University Belfast","English and Philosophy",85,20,10,15,5,55
"Queen's University Belfast","English and Philosophy",94,35,3,15,4,44
"Queen's University Belfast","English and Politics",90,30,5,10,5,50
"Queen's University Belfast","English and Politics",94,35,3,15,4,44
"Queen's University Belfast","English and Sociology",94,35,3,15,4,44
"Queen's University Belfast","English and Sociology",90,19,8,11,2,60
"Queen's University Belfast","English and Spanish",90,35,5,15,5,45
"Queen's University Belfast","English and Spanish",94,35,3,15,4,44
"Queen's University Belfast","European Planning",100,50,0,15,0,35
"Queen's University Belfast","Environmental Management (with Professional Studies)",95,40,5,5,0,50
"Queen's University Belfast","Environmental Management",95,40,5,5,0,50
"Queen's University Belfast","Planning, Environment and Development",100,50,0,15,0,35
"Queen's University Belfast","Food Quality, Safety and Nutrition",94,15,3,8,3,71
"Queen's University Belfast","Food Quality, Safety and Nutrition with Professional Studies",95,15,0,0,5,85
"Queen's University Belfast","Finance with a Year in Industry",92,5,3,13,5,74
"Queen's University Belfast","Film Studies and Production",90,15,5,5,5,70
"Queen's University Belfast","Film and Theatre Making",100,25,0,10,0,70
"Queen's University Belfast","Food Quality, Safety and Nutrition (with Professional Studies)",95,15,0,0,5,85
"Queen's University Belfast","Food Quality, Safety and Nutrition (with Professional Studies)",94,15,3,8,3,71
"Queen's University Belfast","Food Quality, Safety and Nutrition (Undergraduate Masters)",95,15,0,0,5,85
"Queen's University Belfast","Food Quality, Safety and Nutrition (Undergraduate Masters)",94,15,3,8,3,71
"Queen's University Belfast","French",95,35,0,15,0,45
"Queen's University Belfast","French and International Studies",95,35,0,15,0,45
"Queen's University Belfast","French and International Studies",90,30,5,10,5,50
"Queen's University Belfast","French and Irish",95,20,5,0,0,75
"Queen's University Belfast","French and Irish",95,35,0,15,0,45
"Queen's University Belfast","French and History",95,35,0,15,0,45
"Queen's University Belfast","French and History",91,26,6,17,4,48
"Queen's University Belfast","French and Politics",95,35,0,15,0,45
"Queen's University Belfast","French and Politics",90,30,5,10,5,50
"Queen's University Belfast","French and Portuguese",95,35,0,15,0,45
"Queen's University Belfast","French and Portuguese",90,35,5,15,5,45
"Queen's University Belfast","French and Spanish",90,50,5,10,5,35
"Queen's University Belfast","Geography with a Language",95,40,5,5,0,50
"Queen's University Belfast","Geography with a Language",95,35,5,5,0,50
"Queen's University Belfast","Geography with a Language",93,36,4,13,3,45
"Queen's University Belfast","Geography",94,38,6,6,0,50
"Queen's University Belfast","International Business with French",100,15,0,10,0,75
"Queen's University Belfast","International Business with German",91,7,1,8,7,76
"Queen's University Belfast","International Business with German",93,36,4,13,3,45
"Queen's University Belfast","International Business with Mandarin",93,36,4,13,3,45
"Queen's University Belfast","International Business with Mandarin",91,7,1,8,7,76
"Queen's University Belfast","International Business with Portuguese",91,11,2,12,7,68
"Queen's University Belfast","International Business with Portuguese",90,35,5,15,5,45
"Queen's University Belfast","International Business with Spanish",90,0,0,10,10,85
"Queen's University Belfast","International Studies and Irish",95,20,5,0,0,75
"Queen's University Belfast","International Studies and Irish",90,30,5,10,5,50
"Queen's University Belfast","International Studies and Politics",90,30,5,10,5,50
"Queen's University Belfast","International Studies and Spanish",90,30,5,10,5,50
"Queen's University Belfast","International Studies and Spanish",90,35,5,15,5,45
"Queen's University Belfast","International Politics & Conflict Studies",100,25,0,10,0,65
"Queen's University Belfast","Irish",95,20,5,0,0,75
"Queen's University Belfast","History and Irish",95,20,5,0,0,75
"Queen's University Belfast","History and Irish",91,26,6,17,4,48
"Queen's University Belfast","Irish and Politics",95,20,5,0,0,75
"Queen's University Belfast","Irish and Politics",90,30,5,10,5,50
"Queen's University Belfast","Irish and Spanish",95,20,5,0,0,75
"Queen's University Belfast","Irish and Spanish",90,35,5,15,5,45
"Queen's University Belfast","Law",90,33,5,14,5,43
"Queen's University Belfast","Law Senior Status",91,34,4,14,4,43
"Queen's University Belfast","Law with Politics",95,45,5,15,5,35
"Queen's University Belfast","Music and Audio Production",95,20,0,5,5,70
"Queen's University Belfast","Microbiology with Professional Studies",95,35,5,10,0,45
"Queen's University Belfast","Microbiology",90,45,10,20,0,25
"Queen's University Belfast","Microbiology with Professional Studies (Undergraduate Masters)",95,35,5,10,0,45
"Queen's University Belfast","Microbiology (Undergraduate Masters)",95,35,5,10,0,45
"Queen's University Belfast","Medicinal Chemistry",90,45,10,5,0,40
"Queen's University Belfast","Medicinal Chemistry (Undergraduate Masters)",90,45,10,5,0,40
"Queen's University Belfast","Medicinal Chemistry (Undergraduate Masters with year in Industry )",90,45,10,5,0,40
"Queen's University Belfast","Medicinal Chemistry with Professional Studies (Undergraduate Masters)",90,45,10,5,0,40
"Queen's University Belfast","Medicinal Chemistry (with sandwich year)",90,45,10,5,0,40
"Queen's University Belfast","Medicine",99,0,0,0,1,99
"Queen's University Belfast","Mechanical Engineering (with sandwich year)",100,5,0,10,0,85
"Queen's University Belfast","Mechanical Engineering",100,10,0,0,0,90
"Queen's University Belfast","Mechanical Engineering (Undergraduate Masters with sandwich year)",90,0,10,0,0,90
"Queen's University Belfast","Mechanical Engineering (Undergraduate Masters)",85,25,15,0,0,60
"Queen's University Belfast","History",91,24,7,17,3,49
"Queen's University Belfast","History and International Studies",90,30,5,10,5,50
"Queen's University Belfast","History and International Studies",91,26,6,17,4,48
"Queen's University Belfast","History and Philosophy",85,20,10,15,5,55
"Queen's University Belfast","History and Philosophy",91,26,6,17,4,48
"Queen's University Belfast","History and Politics",95,30,0,10,0,55
"Queen's University Belfast","History and Sociology",85,15,5,5,5,65
"Queen's University Belfast","History and Spanish",90,35,5,15,5,45
"Queen's University Belfast","History and Spanish",91,26,6,17,4,48
"Queen's University Belfast","Music Performance",95,20,0,5,5,70
"Queen's University Belfast","Marine Biology with Professional Studies (Undergraduate Masters)",65,20,20,10,20,35
"Queen's University Belfast","Marine Biology (Undergraduate Masters)",65,20,20,10,20,35
"Queen's University Belfast","Marine Biology with Professional Studies",65,20,20,10,20,35
"Queen's University Belfast","Marine Biology",65,20,20,10,20,35
"Queen's University Belfast","Mathematics with Finance",90,25,0,0,10,70
"Queen's University Belfast","Mathematics",90,40,10,15,0,30
"Queen's University Belfast","Mathematics and Computer Science",88,39,9,6,3,42
"Queen's University Belfast","Mathematics and Computer Science",89,3,7,2,4,84
"Queen's University Belfast","Mathematics and Statistics & Operational Research",85,50,0,10,15,25
"Queen's University Belfast","Mathematics (Undergraduate Masters)",85,60,15,0,0,25
"Queen's University Belfast","Mathematics with Extended Studies in Europe",88,39,9,6,3,42
"Queen's University Belfast","Mathematics and Computer Science (Undergraduate Masters)",88,39,9,6,3,42
"Queen's University Belfast","Mathematics and Computer Science (Undergraduate Masters)",89,3,7,2,4,84
"Queen's University Belfast","Mathematics and Statistics & Operational Research (Undergraduate Masters)",95,20,5,0,0,75
"Queen's University Belfast","Music and Sound Design",95,20,0,5,5,70
"Queen's University Belfast","Music",90,30,0,10,10,50
"Queen's University Belfast","Audio Engineering",95,20,0,5,5,70
"Queen's University Belfast","Audio Engineering",93,12,6,2,2,79
"Queen's University Belfast","Adult Nursing",98,1,1,0,1,97
"Queen's University Belfast","Children's Nursing",95,0,0,0,5,95
"Queen's University Belfast","Learning Disability Nursing",95,0,0,0,5,95
"Queen's University Belfast","Midwifery Sciences",85,0,0,0,15,85
"Queen's University Belfast","Mental Health Nursing",95,0,0,0,5,95
"Queen's University Belfast","Product Design Engineering",95,15,5,0,0,80
"Queen's University Belfast","Product Design Engineering (with Sandwich Year)",100,15,0,0,0,85
"Queen's University Belfast","Product Design Engineering (Undergraduate Masters)",95,15,5,0,0,80
"Queen's University Belfast","Product Design Engineering (Undergraduate Masters with Sandwich year)",95,15,5,0,0,80
"Queen's University Belfast","Philosophy",85,20,10,15,5,55
"Queen's University Belfast","Philosophy and Politics",65,5,15,35,20,20
"Queen's University Belfast","Physics",80,35,20,5,0,40
"Queen's University Belfast","Physics (Undergraduate Masters)",90,55,5,10,5,25
"Queen's University Belfast","Physics with Astrophysics",90,20,10,0,0,70
"Queen's University Belfast","Physics with Extended Studies in Europe",90,50,5,5,0,35
"Queen's University Belfast","Physics with Medical Applications",90,50,5,5,0,35
"Queen's University Belfast","Physics with Astrophysics (Undergraduate Masters)",90,45,0,0,10,40
"Queen's University Belfast","Physics with Extended Studies in Europe (Undergraduate Masters)",90,50,5,5,0,35
"Queen's University Belfast","Physics with Medical Applications (Undergraduate Masters)",90,50,5,5,0,35
"Queen's University Belfast","Pharmaceutical Biotechnology (Sandwich)",99,6,1,3,0,90
"Queen's University Belfast","Pharmaceutical Biotechnology",99,6,1,3,0,90
"Queen's University Belfast","Pharmaceutical Sciences (Sandwich)",99,6,1,3,0,90
"Queen's University Belfast","Pharmaceutical Sciences",99,6,1,3,0,90
"Queen's University Belfast","Pharmacy",100,1,0,3,0,96
"Queen's University Belfast","Politics",70,35,20,0,10,35
"Queen's University Belfast","Politics and Spanish",90,35,5,15,5,45
"Queen's University Belfast","Politics and Spanish",90,30,5,10,5,50
"Queen's University Belfast","Politics, Philosophy and Economics",100,20,0,5,0,70
"Queen's University Belfast","Psychology",90,22,5,11,5,57
"Queen's University Belfast","Software Engineering with Digital Technology Partnership",95,0,5,5,5,90
"Queen's University Belfast","Structural Engineering with Architecture (Undergraduate Masters with Sandwich)",100,0,0,0,0,100
"Queen's University Belfast","Structural Engineering with Architecture (Undergraduate Masters)",95,15,5,5,0,80
"Queen's University Belfast","Software and Electronic Systems Engineering (with Year in Industry)",95,0,5,5,5,90
"Queen's University Belfast","Software and Electronic Systems Engineering (with Year in Industry)",95,10,0,5,5,85
"Queen's University Belfast","Software and Electronic Systems Engineering",95,0,5,5,5,90
"Queen's University Belfast","Software and Electronic Systems Engineering",95,10,0,5,5,85
"Queen's University Belfast","Software and Electronic Systems Engineering (Undergraduate Masters with Year in Industry)",95,10,0,5,5,85
"Queen's University Belfast","Software and Electronic Systems Engineering (Undergraduate Masters with Year in Industry)",95,0,5,5,5,90
"Queen's University Belfast","Software and Electronic Systems Engineering (Undergraduate Masters)",95,10,0,5,5,85
"Queen's University Belfast","Software and Electronic Systems Engineering (Undergraduate Masters)",95,0,5,5,5,90
"Queen's University Belfast","Software Engineering (with Placement)",95,0,5,5,5,90
"Queen's University Belfast","Software Engineering (Undergraduate Masters with placement)",95,0,5,5,5,90
"Queen's University Belfast","Sociology",95,25,5,10,0,60
"Queen's University Belfast","Software Engineering",95,0,5,5,5,90
"Queen's University Belfast","Spanish",90,35,5,15,5,45
"Queen's University Belfast","Spanish and Portuguese Studies",85,25,0,15,15,45
"Queen's University Belfast","Social Policy and Sociology",88,19,10,9,3,60
"Queen's University Belfast","Social Policy and Sociology",90,19,8,11,2,60
"Queen's University Belfast","Social Work",92,3,1,1,7,88
"Queen's University Belfast","Social Work (Relevant Graduate Entry)",95,0,0,5,5,95
"Queen's University Belfast","Theoretical Physics",90,50,5,5,0,35
"Queen's University Belfast","Theoretical Physics",90,50,5,5,0,35
"Queen's University Belfast","Zoology with Professional Studies",75,25,10,0,15,50
"Queen's University Belfast","Zoology",75,25,10,0,15,50
"Queen's University Belfast","Zoology (Undergraduate Masters with Professional Studies)",75,25,10,0,15,50
"Queen's University Belfast","Zoology (Undergraduate Masters)",75,25,10,0,15,50
"University of Ulster","Architecture",95,0,5,5,0,85
"University of Ulster","Marketing",90,4,6,4,4,81
"University of Ulster","English and Drama",90,10,0,10,10,75
"University of Ulster","English and Latin",95,30,5,10,0,55
"University of Ulster","English and Latin",90,6,5,6,5,78
"University of Ulster","Business Studies with Drama",90,6,5,6,5,78
"University of Ulster","Business Studies with Drama",80,10,20,0,0,65
"University of Ulster","Law with Marketing",93,11,3,7,4,74
"University of Ulster","Law with Marketing",90,4,6,6,3,81
"University of Ulster","Law with Irish",93,11,3,7,4,74
"University of Ulster","Law with Irish",95,30,5,10,0,55
"University of Ulster","Law with Human Resource Management",93,11,3,7,4,74
"University of Ulster","Law with Human Resource Management",95,2,5,2,0,92
"University of Ulster","Law with Accounting",95,10,3,22,2,63
"University of Ulster","Law with Accounting",93,11,3,7,4,74
"University of Ulster","Building Surveying",95,0,5,0,0,90
"University of Ulster","English",90,30,10,15,0,50
"University of Ulster","Music",90,30,5,15,5,45
"University of Ulster","Music with Drama",80,10,20,0,0,65
"University of Ulster","Music with Drama",90,25,5,15,5,45
"University of Ulster","Music with Irish",95,30,5,10,0,55
"University of Ulster","Music with Irish",90,25,5,15,5,45
"University of Ulster","History",85,20,15,10,0,60
"University of Ulster","Drama",75,10,25,0,0,65
"University of Ulster","Drama with Marketing",80,10,20,0,0,65
"University of Ulster","Drama with Marketing",90,4,6,6,3,81
"University of Ulster","Drama with Irish",80,10,20,0,0,65
"University of Ulster","Drama with Irish",95,30,5,10,0,55
"University of Ulster","Drama with Music",90,25,5,15,5,45
"University of Ulster","Drama with Music",80,10,20,0,0,65
"University of Ulster","Psychology",70,20,20,30,10,20
"University of Ulster","Art and Design",95,35,0,0,5,55
"University of Ulster","Social Work Two Year",95,0,5,0,0,95
"University of Ulster","Politics",85,40,15,5,0,40
"University of Ulster","Sociology",90,15,9,7,1,68
"University of Ulster","Social Work",94,0,1,0,4,94
"University of Ulster","Community Youth Work",95,10,0,10,5,75
"University of Ulster","International Travel and Tourism Management",100,0,0,0,0,100
"University of Ulster","Business Studies",90,0,10,5,0,80
"University of Ulster","Software Engineering",80,5,10,5,5,70
"University of Ulster","Interactive Multimedia Design",90,5,7,7,3,79
"University of Ulster","Computing Science",87,4,11,3,3,80
"University of Ulster","Computer Science",82,7,15,2,4,73
"University of Ulster","Computer Science",90,10,10,0,0,80
"University of Ulster","Social Psychology",70,20,20,30,10,20
"University of Ulster","Law with Criminology",90,20,0,0,10,70
"University of Ulster","Criminology and Criminal Justice",80,0,0,0,20,80
"University of Ulster","Music",95,5,0,5,5,90
"University of Ulster","Music",90,20,0,0,10,70
"University of Ulster","Drama and Philosophy",95,5,0,5,5,90
"University of Ulster","Health and Social Care Policy",95,5,0,5,5,90
"University of Ulster","Human Resource Management",95,0,5,0,0,95
"University of Ulster","Computer Science (Information Security)",92,4,4,3,4,85
"University of Ulster","International Travel and Tourism Management",90,0,5,0,5,85
"University of Ulster","Business Studies",89,5,3,8,8,76
"University of Ulster","Law",90,20,0,0,10,70
"University of Ulster","Law",91,4,6,3,2,85
"University of Ulster","Liberal Arts",90,20,0,0,10,70
"University of Ulster","Liberal Arts",95,5,0,10,5,75
"University of Ulster","Economics",90,0,5,5,5,85
"University of Ulster","Communication, Advertising and Marketing",90,5,5,10,5,80
"University of Ulster","Criminology and Criminal Justice",95,10,0,10,5,75
"University of Ulster","Social Policy with Criminology",80,5,5,0,15,75
"University of Ulster","Sociology with Criminology",98,13,2,9,0,77
"University of Ulster","Language and Linguistics",90,20,10,5,5,65
"University of Ulster","Social Policy",90,15,0,0,10,75
"University of Ulster","Law with Criminology",90,10,0,15,10,70
"University of Ulster","Sociology with Politics",85,40,15,10,0,40
"University of Ulster","Sociology with Politics",90,15,9,7,1,68
"University of Ulster","Law with Politics",100,25,0,15,0,60
"University of Ulster","Health and Social Care Policy",90,15,0,15,10,65
"University of Ulster","Nursing (Adult)",100,1,0,0,0,99
"University of Ulster","Politics with Criminology",93,11,3,7,4,74
"University of Ulster","Politics with Criminology",85,40,15,10,0,40
"University of Ulster","Social Policy with Criminology",90,20,0,0,10,70
"University of Ulster","Social Policy with Criminology",95,5,0,5,5,90
"University of Ulster","Politics",95,5,0,5,5,90
"University of Ulster","Environmental Health",100,10,0,5,0,85
"University of Ulster","Civil Engineering",95,15,5,5,0,70
"University of Ulster","Construction Engineering and Management",85,0,10,5,5,80
"University of Ulster","Architectural Technology and Management",85,0,5,0,10,85
"University of Ulster","Engineering Management",85,5,5,0,5,80
"University of Ulster","Mechanical Engineering",85,10,5,0,5,80
"University of Ulster","Building Surveying",95,5,5,5,5,85
"University of Ulster","Biomedical Engineering",85,20,10,0,5,70
"University of Ulster","Technology with Design",85,10,15,5,5,70
"University of Ulster","Technology with Design",91,8,6,3,3,80
"University of Ulster","Modern Languages and History of Art and Visual Culture",95,5,0,5,5,85
"University of Ulster","Economics and Management with a Year in Business",90,0,10,0,0,90
"University of Ulster","English and History",90,20,10,10,0,60
"University of Ulster","English and History",90,30,10,10,0,55
"University of Ulster","History with English",90,30,10,10,0,55
"University of Ulster","History with English",90,20,10,10,0,60
"University of Ulster","English with History",90,20,10,10,0,60
"University of Ulster","English with History",90,30,10,10,0,55
"University of Ulster","English with Education",90,20,10,0,0,70
"University of Ulster","History with Education",100,40,0,0,0,60
"University of Ulster","Psychology",95,32,2,15,3,48
"University of Ulster","Biology",90,15,5,30,5,40
"University of Ulster","Sport Studies  DPP",94,30,3,9,2,56
"University of Ulster","Sport and Exercise Sciences",95,35,5,15,0,45
"University of Ulster","Biomedical Science",90,25,10,5,0,65
"University of Ulster","Biomedical Sciences",95,20,5,0,0,70
"University of Ulster","Biomedical Science",95,15,0,5,5,70
"University of Ulster","Dietetics",100,10,0,0,0,90
"University of Ulster","Food and Nutrition",100,5,0,5,0,90
"University of Ulster","Human Nutrition",100,40,0,0,0,60
"University of Ulster","Optometry",100,0,0,0,0,100
"University of Ulster","Environmental Science with Education",90,30,5,5,5,60
"University of Ulster","Environmental Science with Education",90,10,10,5,0,70
"University of Ulster","Environmental Science",100,10,0,20,0,70
"University of Ulster","Environmental Science",90,10,10,5,0,70
"University of Ulster","Podiatry",90,0,10,15,0,75
"University of Ulster","Environmental Science",80,5,20,0,0,75
"University of Ulster","Geography",95,15,5,5,0,70
"University of Ulster","Geography",90,25,15,0,0,65
"University of Ulster","Geography",90,30,5,5,5,55
"University of Ulster","Geography with Education",100,55,0,0,0,45
"University of Ulster","Geography with Psychology",90,30,5,5,5,55
"University of Ulster","Geography with Psychology",92,26,3,13,5,52
"University of Ulster","Environmental Science with Psychology",90,10,10,5,0,70
"University of Ulster","Environmental Science with Psychology",92,26,3,13,5,52
"University of Ulster","Nursing (Mental Health)",100,1,0,1,0,99
"University of Ulster","History",80,15,15,10,5,55
"University of Ulster","History with Education",80,15,15,10,5,55
"University of Ulster","Computer Games Development",75,10,25,0,0,65
"University of Ulster","Physiotherapy",100,0,0,10,0,85
"University of Ulster","Occupational Therapy",90,0,5,5,5,85
"University of Ulster","Speech and Language Therapy",95,0,0,5,5,90
"University of Ulster","Law",95,5,5,10,0,80
"University of Ulster","Law",95,15,5,0,0,80
"University of Ulster","Law",90,20,0,0,10,70
"University of Ulster","Law",90,20,0,0,10,70
"University of Ulster","Advertising",90,10,10,10,0,75
"University of Ulster","Management and Leadership Development",95,5,0,20,5,70
"University of Ulster","Advertising with Computing",90,4,6,6,3,81
"University of Ulster","Advertising with Computing",84,5,12,4,3,76
"University of Ulster","Journalism with Education",90,30,5,5,5,60
"University of Ulster","Journalism with Education",95,10,5,10,5,70
"University of Ulster","Journalism with English",95,25,0,0,5,65
"University of Ulster","Journalism with History",95,10,5,10,5,70
"University of Ulster","Journalism with History",90,20,10,10,0,60
"University of Ulster","International Hospitality Management",90,0,0,0,10,90
"University of Ulster","Culinary Arts Management",90,25,0,5,15,55
"University of Ulster","Accounting and Marketing",90,10,10,15,0,65
"University of Ulster","Media Studies and Production",90,10,15,5,0,70
"University of Ulster","Electronic Engineering",100,5,0,5,0,85
"University of Ulster","Electronic Engineering",90,10,5,10,5,75
"University of Ulster","Mechanical Engineering",100,0,0,0,0,100
"University of Ulster","Computer Science (Software Systems Development)",80,0,20,0,0,80
"University of Ulster","Planning and Property Development",90,10,10,5,0,75
"University of Ulster","Leisure and Events Management",85,0,5,0,15,85
"University of Ulster","Childhood Studies",100,0,0,0,0,100
"University of Ulster","Biomedical Science",100,10,0,10,0,80
"University of Ulster","Public Relations",90,0,0,15,10,75
"University of Ulster","Pharmacy",100,0,0,0,0,100
"University of Ulster","Civil Engineering",90,8,5,10,5,72
"University of Ulster","Social Work",100,5,0,5,0,90
"University of Ulster","Accounting and Law",95,10,3,22,2,63
"University of Ulster","Accounting and Law",93,11,3,7,4,74
"University of Ulster","Irish with Management Studies",95,30,5,10,0,55
"University of Ulster","Irish with Management Studies",95,5,0,15,5,75
"University of Ulster","Irish with Drama",95,30,5,10,0,55
"University of Ulster","Irish with Drama",80,10,20,0,0,65
"University of Ulster","Irish with Music",90,25,5,15,5,45
"University of Ulster","Irish with Music",95,30,5,10,0,55
"University of Ulster","Health Physiology",90,20,5,5,5,65
"University of Ulster","Sports Coaching",95,20,5,0,0,75
"University of Ulster","Paramedic Science",90,10,10,0,0,80
"University of Ulster","Nursing (Adult Health)",90,10,5,5,10,75
"University of Ulster","Nursing (Adult Health)",90,15,9,7,1,68
"University of Ulster","Nursing (Child Health)",85,5,5,0,5,80
"University of Ulster","English and History",80,15,15,10,5,55
"University of Ulster","Nursing (Child Health and Mental Health)",100,10,0,0,0,90
"University of Ulster","Business Studies  CBC",90,3,7,4,2,83
"University of Ulster","Mechatronic Engineering",85,10,15,5,5,70
"University of Ulster","Mechatronic Engineering",90,0,0,5,10,90
"University of Ulster","Mechatronic Engineering",85,10,15,5,5,70
"University of Ulster","Mechatronic Engineering plus German Masters",85,10,15,5,5,70
"University of Ulster","Electronic Engineering plus German Masters",85,10,15,5,5,70
"University of Ulster","Textile Art, Design and Fashion",95,10,0,5,5,85
"University of Ulster","Fine Art",90,20,10,5,0,65
"University of Ulster","Product and Furniture Design",91,8,6,3,3,80
"University of Ulster","Business Studies",90,6,5,6,5,78
"University of Ulster","Business Studies",90,6,5,6,5,78
"University of Ulster","Computing Systems",90,15,10,0,0,75
"University of Ulster","Civil Engineering",95,5,0,5,5,85
"University of Ulster","Civil Engineering (Geoinformatics)",85,0,5,30,10,55
"University of Ulster","Quantity Surveying and Commercial Management",95,0,5,5,5,90
"University of Ulster","Quantity Surveying and Commercial Management",95,0,5,0,0,90
"University of Ulster","Quantity Surveying and Commercial Management",95,5,5,0,0,85
"University of Ulster","Irish Language and Literature",95,45,5,5,0,45
"University of Ulster","Computing Systems",84,5,12,4,3,76
"University of Ulster","Healthcare Science (Cardiac Physiology)",95,0,5,10,0,90
"University of Ulster","Radiotherapy and Oncology",100,0,0,10,0,90
"University of Ulster","Diagnostic Radiography and Imaging",95,0,5,0,0,95
"University of Ulster","Business Economics",90,0,5,0,5,90
"University of Ulster","Renewable Energy Engineering",95,20,0,0,5,70
"University of Ulster","Renewable Energy Engineering",95,5,0,5,5,85
"University of Ulster","Mechanical and Manufacturing Engineering",80,20,10,0,10,65
"University of Ulster","Computing Technologies",90,5,10,0,0,85
"University of Ulster","Computer Engineering",84,5,12,4,3,76
"University of Ulster","Computer Engineering",90,10,10,0,0,80
"University of Ulster","Information Technologies",90,5,10,0,0,85
"University of Ulster","Information Technologies",90,10,10,0,0,80
"University of Ulster","Economics with Finance",90,0,5,5,5,85
"University of Ulster","Economics with Finance",95,5,5,5,0,90
"University of Ulster","Business Economics with Accounting",90,0,5,5,5,85
"University of Ulster","Business Economics with Accounting",95,10,3,22,2,63
"University of Ulster","Business Economics with Marketing",90,4,6,6,3,81
"University of Ulster","Business Economics with Marketing",90,0,5,5,5,85
"University of Ulster","Creative Technologies",90,25,0,5,10,60
"University of Ulster","Irish with Computing",95,30,5,10,0,55
"University of Ulster","Irish with Computing",84,5,12,4,3,76
"University of Ulster","Animation",80,0,15,10,5,70
"University of Ulster","Graphic Design and Illustration",85,5,10,5,5,75
"University of Ulster","Stratified Medicine",90,25,0,5,15,55
"University of Ulster","Cinematic Arts",85,5,5,0,5,80
"University of Ulster","Therapeutic Communication and Counselling Studies",90,10,5,10,5,70
"University of Ulster","Therapeutic Communication and Counselling Studies",90,5,5,5,5,80
"University of Ulster","Therapeutic Communication and Counselling Studies",100,10,0,15,0,75
"University of Ulster","Communication Management and Public Relations",90,5,5,10,5,75
"University of Ulster","Communication Management and Public Relations",90,10,5,10,5,70
"University of Ulster","Politics with Criminology",95,5,0,5,5,90
"University of Ulster","Politics with Criminology",90,20,0,0,10,70
"University of Ulster","Pharmaceutical Biosciences",92,19,4,4,4,68
"University of Ulster","Pharmaceutical Biosciences",100,0,0,0,0,100
"University of Ulster","Creative Technologies",90,10,10,0,0,80
"University of Ulster","Interaction Design",91,8,6,3,3,80
"University of Ulster","Energy",90,8,5,10,5,72
"University of Ulster","Architectural Engineering",90,8,5,10,5,72
"University of Ulster","Architectural Engineering",95,5,0,5,5,85
"University of Ulster","Real Estate",95,5,0,15,5,75
"University of Ulster","Real Estate",90,3,7,4,2,83
"University of Ulster","Accounting",95,10,3,22,2,63
"University of Ulster","Electrical and Electronic Engineering",90,10,5,10,5,75
"University of Ulster","Electrical and Electronic Engineering",90,0,0,5,10,90
"University of Ulster","Consumer Management and Food Innovation",91,4,6,3,2,85
"University of Ulster","Safety Engineering and Disaster Management",89,8,6,5,5,75
"University of Ulster","Safety Engineering and Disaster Management",92,1,5,5,4,86
"University of Ulster","Finance and Investment Analysis",95,5,5,5,0,90
"University of Ulster","Accounting  and Management",95,5,5,0,0,85
"University of Ulster","Accounting  and Management",95,5,0,10,5,75
"University of Ulster","Interactive Media",86,9,11,9,3,69
"University of Ulster","Accounting and Management",95,5,0,15,5,75
"University of Ulster","Accounting and Management",95,10,3,22,2,63
"University of Ulster","Accounting with Specialisms",95,10,3,22,2,63
"University of Ulster","Sports Coaching",94,30,3,9,2,56
"University of Ulster","Physical Activity Exercise and Health",94,30,3,9,2,56
"University of Ulster","Planning Regeneration and Development",90,10,10,5,0,75
"University of Ulster","Optometry",100,0,0,0,0,100
"University of Ulster","Photography with Video",85,5,10,0,5,80
